{
  "vit_b_16|msp": {
    "threshold": 0.6849970817565918,
    "val_score": 0.7089499831199646,
    "calib_hash": "34bac2cb_61254c52"
  },
  "vit_b_16|react": {
    "threshold": 8.186264038085938,
    "val_score": 0.718999981880188,
    "calib_hash": "34bac2cb_61254c52"
  },
  "vit_b_16|knn": {
    "threshold": -0.9387781620025635,
    "val_score": 0.7605500221252441,
    "calib_hash": "34bac2cb_61254c52"
  },
  "vit_b_16|mds": {
    "threshold": -1567.923095703125,
    "val_score": 0.7862499952316284,
    "calib_hash": "34bac2cb_61254c52"
  },
  "vit_b_16|gradnorm": {
    "threshold": 740412.375,
    "val_score": 0.5102499723434448,
    "calib_hash": "34bac2cb_61254c52"
  },
  "resnet50|msp": {
    "threshold": 0.5726725459098816,
    "val_score": 0.6953999400138855,
    "calib_hash": "34bac2cb_61254c52"
  },
  "resnet50|react": {
    "threshold": 8.78048324584961,
    "val_score": 0.7585499882698059,
    "calib_hash": "34bac2cb_61254c52"
  },
  "resnet50|knn": {
    "threshold": -0.39242327213287354,
    "val_score": 0.7057499885559082,
    "calib_hash": "34bac2cb_61254c52"
  },
  "resnet50|mds": {
    "threshold": -1951.3922119140625,
    "val_score": 0.6265000104904175,
    "calib_hash": "34bac2cb_61254c52"
  },
  "resnet50|gradnorm": {
    "threshold": 1555322.75,
    "val_score": 0.7386999726295471,
    "calib_hash": "34bac2cb_61254c52"
  },
  "densenet121|msp": {
    "threshold": 0.5819665789604187,
    "val_score": 0.6791499853134155,
    "calib_hash": "34bac2cb_61254c52"
  },
  "densenet121|react": {
    "threshold": 7.813272476196289,
    "val_score": 0.722599983215332,
    "calib_hash": "34bac2cb_61254c52"
  },
  "densenet121|knn": {
    "threshold": -0.5386903285980225,
    "val_score": 0.6703000068664551,
    "calib_hash": "34bac2cb_61254c52"
  },
  "densenet121|mds": {
    "threshold": -1075.67822265625,
    "val_score": 0.6827499866485596,
    "calib_hash": "34bac2cb_61254c52"
  },
  "densenet121|gradnorm": {
    "threshold": 725188.75,
    "val_score": 0.7192000150680542,
    "calib_hash": "34bac2cb_61254c52"
  },
  "swin_t|msp": {
    "threshold": 0.5578799247741699,
    "val_score": 0.7106500267982483,
    "calib_hash": "34bac2cb_61254c52"
  },
  "swin_t|react": {
    "threshold": 8.124939918518066,
    "val_score": 0.741599977016449,
    "calib_hash": "34bac2cb_61254c52"
  },
  "swin_t|knn": {
    "threshold": -0.8291839361190796,
    "val_score": 0.7453500032424927,
    "calib_hash": "34bac2cb_61254c52"
  },
  "swin_t|mds": {
    "threshold": -1314.8525390625,
    "val_score": 0.7769500017166138,
    "calib_hash": "34bac2cb_61254c52"
  },
  "swin_t|gradnorm": {
    "threshold": 307608.125,
    "val_score": 0.5025500059127808,
    "calib_hash": "34bac2cb_61254c52"
  },
  "regnet_y_8gf|msp": {
    "threshold": 0.7423983216285706,
    "val_score": 0.715499997138977,
    "calib_hash": "34bac2cb_61254c52"
  },
  "regnet_y_8gf|react": {
    "threshold": 8.809744834899902,
    "val_score": 0.7730500102043152,
    "calib_hash": "34bac2cb_61254c52"
  },
  "regnet_y_8gf|knn": {
    "threshold": -0.450486421585083,
    "val_score": 0.8116499781608582,
    "calib_hash": "34bac2cb_61254c52"
  },
  "regnet_y_8gf|mds": {
    "threshold": -2218.2783203125,
    "val_score": 0.7120000123977661,
    "calib_hash": "34bac2cb_61254c52"
  },
  "regnet_y_8gf|gradnorm": {
    "threshold": 1726991.625,
    "val_score": 0.6028000116348267,
    "calib_hash": "34bac2cb_61254c52"
  }
}